<annotation>
	<folder>clr_sized</folder>
	<filename>shot_152016367342_color_resized.jpg</filename>
	<path>/home/e6230/Desktop/screenshot/clr_sized/shot_152016367342_color_resized.jpg</path>
	<source>
		<database>Unknown</database>
	</source>
	<size>
		<width>960</width>
		<height>540</height>
		<depth>3</depth>
	</size>
	<segmented>0</segmented>
	<object>
		<name>trunk</name>
		<pose>Unspecified</pose>
		<truncated>0</truncated>
		<difficult>0</difficult>
		<bndbox>
			<xmin>468</xmin>
			<ymin>207</ymin>
			<xmax>529</xmax>
			<ymax>531</ymax>
		</bndbox>
	</object>
	<object>
		<name>branch</name>
		<pose>Unspecified</pose>
		<truncated>0</truncated>
		<difficult>0</difficult>
		<bndbox>
			<xmin>25</xmin>
			<ymin>134</ymin>
			<xmax>483</xmax>
			<ymax>221</ymax>
		</bndbox>
	</object>
	<object>
		<name>branch</name>
		<pose>Unspecified</pose>
		<truncated>1</truncated>
		<difficult>0</difficult>
		<bndbox>
			<xmin>545</xmin>
			<ymin>191</ymin>
			<xmax>960</xmax>
			<ymax>269</ymax>
		</bndbox>
	</object>
	<object>
		<name>twig</name>
		<pose>Unspecified</pose>
		<truncated>0</truncated>
		<difficult>0</difficult>
		<bndbox>
			<xmin>2</xmin>
			<ymin>4</ymin>
			<xmax>535</xmax>
			<ymax>145</ymax>
		</bndbox>
	</object>
</annotation>
