<annotation>
	<folder>clr_sized</folder>
	<filename>shot_152016369469_color_resized.jpg</filename>
	<path>/home/e6230/Desktop/screenshot/clr_sized/shot_152016369469_color_resized.jpg</path>
	<source>
		<database>Unknown</database>
	</source>
	<size>
		<width>960</width>
		<height>540</height>
		<depth>3</depth>
	</size>
	<segmented>0</segmented>
	<object>
		<name>branch</name>
		<pose>Unspecified</pose>
		<truncated>0</truncated>
		<difficult>0</difficult>
		<bndbox>
			<xmin>4</xmin>
			<ymin>314</ymin>
			<xmax>417</xmax>
			<ymax>367</ymax>
		</bndbox>
	</object>
	<object>
		<name>trunk</name>
		<pose>Unspecified</pose>
		<truncated>1</truncated>
		<difficult>0</difficult>
		<bndbox>
			<xmin>444</xmin>
			<ymin>345</ymin>
			<xmax>546</xmax>
			<ymax>540</ymax>
		</bndbox>
	</object>
</annotation>
