<annotation>
	<folder>clr_sized</folder>
	<filename>shot_152016361360_color_resized.jpg</filename>
	<path>/home/e6230/Desktop/screenshot/clr_sized/shot_152016361360_color_resized.jpg</path>
	<source>
		<database>Unknown</database>
	</source>
	<size>
		<width>960</width>
		<height>540</height>
		<depth>3</depth>
	</size>
	<segmented>0</segmented>
	<object>
		<name>twig</name>
		<pose>Unspecified</pose>
		<truncated>0</truncated>
		<difficult>0</difficult>
		<bndbox>
			<xmin>401</xmin>
			<ymin>3</ymin>
			<xmax>511</xmax>
			<ymax>415</ymax>
		</bndbox>
	</object>
	<object>
		<name>branch</name>
		<pose>Unspecified</pose>
		<truncated>1</truncated>
		<difficult>0</difficult>
		<bndbox>
			<xmin>453</xmin>
			<ymin>385</ymin>
			<xmax>960</xmax>
			<ymax>454</ymax>
		</bndbox>
	</object>
	<object>
		<name>twig</name>
		<pose>Unspecified</pose>
		<truncated>0</truncated>
		<difficult>0</difficult>
		<bndbox>
			<xmin>3</xmin>
			<ymin>353</ymin>
			<xmax>449</xmax>
			<ymax>472</ymax>
		</bndbox>
	</object>
</annotation>
