<annotation>
	<folder>clr_sized</folder>
	<filename>shot_152016365974_color_resized.jpg</filename>
	<path>/home/e6230/Desktop/screenshot/clr_sized/shot_152016365974_color_resized.jpg</path>
	<source>
		<database>Unknown</database>
	</source>
	<size>
		<width>960</width>
		<height>540</height>
		<depth>3</depth>
	</size>
	<segmented>0</segmented>
	<object>
		<name>stake</name>
		<pose>Unspecified</pose>
		<truncated>1</truncated>
		<difficult>0</difficult>
		<bndbox>
			<xmin>471</xmin>
			<ymin>1</ymin>
			<xmax>558</xmax>
			<ymax>540</ymax>
		</bndbox>
	</object>
	<object>
		<name>branch</name>
		<pose>Unspecified</pose>
		<truncated>0</truncated>
		<difficult>0</difficult>
		<bndbox>
			<xmin>112</xmin>
			<ymin>264</ymin>
			<xmax>445</xmax>
			<ymax>376</ymax>
		</bndbox>
	</object>
	<object>
		<name>branch</name>
		<pose>Unspecified</pose>
		<truncated>1</truncated>
		<difficult>0</difficult>
		<bndbox>
			<xmin>545</xmin>
			<ymin>361</ymin>
			<xmax>960</xmax>
			<ymax>457</ymax>
		</bndbox>
	</object>
	<object>
		<name>twig</name>
		<pose>Unspecified</pose>
		<truncated>0</truncated>
		<difficult>0</difficult>
		<bndbox>
			<xmin>93</xmin>
			<ymin>3</ymin>
			<xmax>451</xmax>
			<ymax>284</ymax>
		</bndbox>
	</object>
</annotation>
