<annotation>
	<folder>clr_sized</folder>
	<filename>shot_152016360693_color_resized.jpg</filename>
	<path>/home/e6230/Desktop/screenshot/clr_sized/shot_152016360693_color_resized.jpg</path>
	<source>
		<database>Unknown</database>
	</source>
	<size>
		<width>960</width>
		<height>540</height>
		<depth>3</depth>
	</size>
	<segmented>0</segmented>
	<object>
		<name>twig</name>
		<pose>Unspecified</pose>
		<truncated>0</truncated>
		<difficult>0</difficult>
		<bndbox>
			<xmin>276</xmin>
			<ymin>172</ymin>
			<xmax>959</xmax>
			<ymax>423</ymax>
		</bndbox>
	</object>
	<object>
		<name>twig</name>
		<pose>Unspecified</pose>
		<truncated>1</truncated>
		<difficult>0</difficult>
		<bndbox>
			<xmin>163</xmin>
			<ymin>1</ymin>
			<xmax>327</xmax>
			<ymax>341</ymax>
		</bndbox>
	</object>
	<object>
		<name>twig</name>
		<pose>Unspecified</pose>
		<truncated>0</truncated>
		<difficult>0</difficult>
		<bndbox>
			<xmin>3</xmin>
			<ymin>264</ymin>
			<xmax>120</xmax>
			<ymax>355</ymax>
		</bndbox>
	</object>
	<object>
		<name>twig</name>
		<pose>Unspecified</pose>
		<truncated>0</truncated>
		<difficult>0</difficult>
		<bndbox>
			<xmin>2</xmin>
			<ymin>415</ymin>
			<xmax>190</xmax>
			<ymax>448</ymax>
		</bndbox>
	</object>
	<object>
		<name>branch</name>
		<pose>Unspecified</pose>
		<truncated>0</truncated>
		<difficult>0</difficult>
		<bndbox>
			<xmin>6</xmin>
			<ymin>348</ymin>
			<xmax>260</xmax>
			<ymax>410</ymax>
		</bndbox>
	</object>
	<object>
		<name>trunk</name>
		<pose>Unspecified</pose>
		<truncated>1</truncated>
		<difficult>0</difficult>
		<bndbox>
			<xmin>219</xmin>
			<ymin>382</ymin>
			<xmax>300</xmax>
			<ymax>540</ymax>
		</bndbox>
	</object>
</annotation>
