<annotation>
	<folder>clr_sized</folder>
	<filename>shot_152016376843_color_resized.jpg</filename>
	<path>/home/e6230/Desktop/screenshot/clr_sized/shot_152016376843_color_resized.jpg</path>
	<source>
		<database>Unknown</database>
	</source>
	<size>
		<width>960</width>
		<height>540</height>
		<depth>3</depth>
	</size>
	<segmented>0</segmented>
	<object>
		<name>branch</name>
		<pose>Unspecified</pose>
		<truncated>0</truncated>
		<difficult>0</difficult>
		<bndbox>
			<xmin>2</xmin>
			<ymin>228</ymin>
			<xmax>453</xmax>
			<ymax>307</ymax>
		</bndbox>
	</object>
	<object>
		<name>trunk</name>
		<pose>Unspecified</pose>
		<truncated>1</truncated>
		<difficult>0</difficult>
		<bndbox>
			<xmin>436</xmin>
			<ymin>294</ymin>
			<xmax>530</xmax>
			<ymax>540</ymax>
		</bndbox>
	</object>
	<object>
		<name>branch</name>
		<pose>Unspecified</pose>
		<truncated>1</truncated>
		<difficult>0</difficult>
		<bndbox>
			<xmin>488</xmin>
			<ymin>311</ymin>
			<xmax>960</xmax>
			<ymax>366</ymax>
		</bndbox>
	</object>
</annotation>
