<annotation>
	<folder>clr_sized</folder>
	<filename>shot_152016368011_color_resized.jpg</filename>
	<path>/home/e6230/Desktop/screenshot/clr_sized/shot_152016368011_color_resized.jpg</path>
	<source>
		<database>Unknown</database>
	</source>
	<size>
		<width>960</width>
		<height>540</height>
		<depth>3</depth>
	</size>
	<segmented>0</segmented>
	<object>
		<name>branch</name>
		<pose>Unspecified</pose>
		<truncated>0</truncated>
		<difficult>0</difficult>
		<bndbox>
			<xmin>180</xmin>
			<ymin>286</ymin>
			<xmax>557</xmax>
			<ymax>344</ymax>
		</bndbox>
	</object>
	<object>
		<name>twig</name>
		<pose>Unspecified</pose>
		<truncated>1</truncated>
		<difficult>0</difficult>
		<bndbox>
			<xmin>422</xmin>
			<ymin>4</ymin>
			<xmax>960</xmax>
			<ymax>307</ymax>
		</bndbox>
	</object>
	<object>
		<name>branch</name>
		<pose>Unspecified</pose>
		<truncated>1</truncated>
		<difficult>0</difficult>
		<bndbox>
			<xmin>626</xmin>
			<ymin>317</ymin>
			<xmax>960</xmax>
			<ymax>387</ymax>
		</bndbox>
	</object>
</annotation>
